Year,Trash,Population,percapita,relative_change
2015,187835,675647,0.278007599,0
2016,190779,675647,0.282364904,0.02
2017,189830,675647,0.280960324,0.01
2018,190089,675647,0.28134366,0.01
2019,190458,675647,0.281889803,0.01
2020,201264,675647,0.297883362,0.07
2021,207329,675647,0.306859943,0.10
2022,204110,675647,0.302095621,0.09
2023,192088,675647,0.284302306,0.02
2024,175453.87,675647,0.259682749,-0.07
